num_gpus,time_ms,speedup,efficiency
1,185.116547,1.000043,100.004286
2,103.870621,1.782260,89.113014
4,63.521568,2.914356,72.858907
8,42.557919,4.349942,54.374276
